3,Gaon,-g294197-d4029830-Reviews,-Gaon-Seoul.html
3,La Yeon,-g294197-d8380813-Reviews,-La_Yeon-Seoul.html
2,Gotgan,-g294197-d11807527-Reviews,-Gotgan-Seoul.html
2,Kwon Sook Soo,-g294197-d8743798-Reviews,-Kwonsooksoo-Seoul.html
2,Pierre Gagnaire,-g294197-d1437932-Reviews,-Pierre_Gagnaire_Seoul-Seoul.html
1,Balwoo gongyang,-g294197-d2228966-Reviews,-Balwoo_Gongyang-Seoul.html
1,Bo Reum Soei,-g294197-d11807492-Reviews,-Bo_Reum_Soei-Seoul.html
1,Dining in Space,-g294197-d9102219-Reviews,-Dining_in_Space-Seoul.html
1,Jin Jin,-g294197-d11916326-Reviews,-Jin_Jin_Chinese_Restaurant-Seoul.html
1,Jung Sik Dang,-g294197-d3200324-Reviews,-Jung_Sik_Dang-Seoul.html
1,La'amitie,-g294197-d4034225-Reviews,-La_amitie-Seoul.html
1,Ristorante Eo,-g294197-d11807480-Reviews,-Ristorante_Eo-Seoul.html
1,Mingles,-g294197-d8468424-Reviews,-Mingles-Seoul.html
1,Votre Maison,-g294197-d11807494-Reviews,-Votre_Masion-Seoul.html
1,Bicena,-g294197-d4506140-Reviews,-Bicena-Seoul.html
1,Soigne,-g294197-d6352912-Reviews,-Soigne_Restaurant-Seoul.html
1,Yu Yuan,-g294197-d11807511-Reviews,-Yu_Yuan-Seoul.html
1,Twenty four seasons,-g294197-d8931123-Reviews,-24_Seasons-Seoul.html
1,Zero Complex,-g294197-d9153852-Reviews,-Zero_Complex-Seoul.html
1,Kojima,-g294197-d11807515-Reviews,-Kojima-Seoul.html
1,Keunkiwajip,-g294197-d3922605-Reviews,-Keunkiwajip-Seoul.html
1,Poom ,-g294197-d2524701-Reviews,-Poom_Seoul-Seoul.html
1,Hamo,-g294197-d7149910-Reviews,-Hamo-Seoul.html