3,Tang Court,-g308272-d4447964-Reviews,-Tang_Court-Shanghai.html
2,8 1/2 Otto e Mezzo Bombana,-g308272-d2639454-Reviews,-8_1_2_Otto_e_Mezzo_BOMBANA-Shanghai.html
2,Latelier de Joel Robuchon,-g308272-d10276802-Reviews,-L_Atelier_de_Joel_Robuchon-Shanghai.html
2,Canton 8,-g308272-d11971315-Reviews,-Canton_8-Shanghai.html
2,Ultraviolet,-g308272-d1550812-Reviews,-Mr_Mrs_Bund_Modern_Eatery_by_Paul_Pairet-Shanghai.html
2,Yi Long Court,-g308272-d8594748-Reviews,-Yi_Long_Court_Peninsula_Hotel_Shanghai-Shanghai.html
2,Yongfoo Elite,-g308272-d2093642-Reviews,-Yong_Fu_Hui-Shanghai.html
2,Imperial Treasure,-g308272-d5952762-Reviews,-Imperial_Treasure_Fine_Chinese_Cuisine-Shanghai.html
1,Sir Elly's,-g308272-d11954919-Reviews,-Sir_Elly_s_Terrace_The_Peninsula_Shanghai-Shanghai.html
1,Da Dong (Park Palace),-g308272-d5400432-Reviews,-Da_Dong_HaiCan_Dian_Shanghai_Park_Place-Shanghai.html
1,Phenix,-g308272-d11963861-Reviews,-PHENIX_eatery_bar-Shanghai.html
1,Seventh Son,-g308272-d7081008-Reviews,-Jia_Quan_Qi_Fu_JingAn-Shanghai.html
1,Jin Xuan,-g308272-d2661749-Reviews,-Jin_Xuan_Chinese_Restaurant_The_Ritz_Carlton_Shanghai_Pudong-Shanghai.html
1,Lao Zheng Xing,-g308272-d3628398-Reviews,-Lao_Zheng_Xing_Restaurant-Shanghai.html
1,Lei Garden (IFC),-g308272-d2655658-Reviews,-Li_Yuan-Shanghai.html
1,Shang High,-g308272-d2481971-Reviews,-Shang_High_Cuisine_at_Jumeirah_Himalayas_Hotel_Shanghai-Shanghai.html
1,Xin Rong Ji (Shanghai Plaza),-g308272-d4802921-Reviews,-Xin_Rong_Ji_Shanghai_Plaza-Shanghai.html
1,Yong Yi Ting,-g308272-d6373304-Reviews,-Yong_Yi_Ting_at_Mandarin_Oriental_Pudong_Shanghai-Shanghai.html